spearman_rho,spearman_p,kendall_tau,kendall_p
-0.08232533100269475,0.015987426386307,-0.0654514081278387,0.016632413833573674
