spearman_rho,spearman_p,kendall_tau,kendall_p
-0.15653698841284533,0.005588462100271948,-0.1167236108134548,0.00646692273864992
