{
  "silhouette_vs_stage": -0.08171378076076508,
  "ari_kmeans_vs_stage": 0.05887939240448896,
  "nmi_kmeans_vs_stage": 0.07748963630256402
}