{
  "silhouette_vs_stage": -0.12213507294654846,
  "ari_kmeans_vs_stage": 0.0034828889285659576,
  "nmi_kmeans_vs_stage": 0.024257105512205328
}